flight_id,flight_no,dep_city,dep_tz,dep_lon,dep_lat,arr_city,arr_tz,arr_lon,arr_lat,model,range,scheduled_departure,scheduled_arrival,actual_departure,actual_arrival,departure_airport,arrival_airport,aircraft_code,way_minutes,count_seats,count_ticket,occupancy,sum_amout,sum_booking,count_economy,sum_econom,count_business,sum_business
136119,PG0252,Anapa,Europe/Moscow,37.347301483154,45.002101898193,Moscow,Europe/Moscow,37.4146,55.972599,Boeing 737-300,4200,2017-01-03T10:05:00Z,2017-01-03T11:45:00Z,2017-01-03T10:08:00Z,2017-01-03T11:49:00Z,AAQ,SVO,733,100.0,130,113,86,1653000.00,6865300.00,102,1250400.00,11,402600.00
136120,PG0252,Anapa,Europe/Moscow,37.347301483154,45.002101898193,Moscow,Europe/Moscow,37.4146,55.972599,Boeing 737-300,4200,2017-02-24T10:05:00Z,2017-02-24T11:45:00Z,2017-02-24T10:07:00Z,2017-02-24T11:46:00Z,AAQ,SVO,733,100.0,130,109,83,1605400.00,5434800.00,98,1202800.00,11,402600.00
136122,PG0252,Anapa,Europe/Moscow,37.347301483154,45.002101898193,Moscow,Europe/Moscow,37.4146,55.972599,Boeing 737-300,4200,2017-01-08T10:05:00Z,2017-01-08T11:45:00Z,2017-01-08T10:08:00Z,2017-01-08T11:48:00Z,AAQ,SVO,733,100.0,130,97,74,1431000.00,5411400.00,87,1065000.00,10,366000.00
136130,PG0252,Anapa,Europe/Moscow,37.347301483154,45.002101898193,Moscow,Europe/Moscow,37.4146,55.972599,Boeing 737-300,4200,2017-02-13T10:05:00Z,2017-02-13T11:45:00Z,2017-02-13T10:07:00Z,2017-02-13T11:46:00Z,AAQ,SVO,733,100.0,130,107,82,1556600.00,5795200.00,97,1190600.00,10,366000.00
136131,PG0252,Anapa,Europe/Moscow,37.347301483154,45.002101898193,Moscow,Europe/Moscow,37.4146,55.972599,Boeing 737-300,4200,2017-01-28T10:05:00Z,2017-01-28T11:45:00Z,2017-01-28T10:07:00Z,2017-01-28T11:46:00Z,AAQ,SVO,733,100.0,130,124,95,1812800.00,7111900.00,112,1373600.00,12,439200.00
136132,PG0252,Anapa,Europe/Moscow,37.347301483154,45.002101898193,Moscow,Europe/Moscow,37.4146,55.972599,Boeing 737-300,4200,2017-02-15T10:05:00Z,2017-02-15T11:45:00Z,2017-02-15T10:09:00Z,2017-02-15T11:48:00Z,AAQ,SVO,733,100.0,130,116,89,1714000.00,6483600.00,104,1274800.00,12,439200.00
136135,PG0252,Anapa,Europe/Moscow,37.347301483154,45.002101898193,Moscow,Europe/Moscow,37.4146,55.972599,Boeing 737-300,4200,2017-02-01T10:05:00Z,2017-02-01T11:45:00Z,2017-02-01T10:08:00Z,2017-02-01T11:48:00Z,AAQ,SVO,733,100.0,130,115,88,1678600.00,6488000.00,104,1276000.00,11,402600.00
136146,PG0252,Anapa,Europe/Moscow,37.347301483154,45.002101898193,Moscow,Europe/Moscow,37.4146,55.972599,Boeing 737-300,4200,2017-02-09T10:05:00Z,2017-02-09T11:45:00Z,2017-02-09T10:08:00Z,2017-02-09T11:48:00Z,AAQ,SVO,733,100.0,130,109,83,1604200.00,6500100.00,98,1201600.00,11,402600.00
136159,PG0252,Anapa,Europe/Moscow,37.347301483154,45.002101898193,Moscow,Europe/Moscow,37.4146,55.972599,Boeing 737-300,4200,2017-01-04T10:05:00Z,2017-01-04T11:45:00Z,2017-01-04T10:07:00Z,2017-01-04T11:45:00Z,AAQ,SVO,733,100.0,130,115,88,1700600.00,7344900.00,103,1261400.00,12,439200.00
136164,PG0252,Anapa,Europe/Moscow,37.347301483154,45.002101898193,Moscow,Europe/Moscow,37.4146,55.972599,Boeing 737-300,4200,2017-01-07T10:05:00Z,2017-01-07T11:45:00Z,2017-01-07T10:07:00Z,2017-01-07T11:46:00Z,AAQ,SVO,733,100.0,130,120,92,1738400.00,6876600.00,109,1335800.00,11,402600.00
136165,PG0252,Anapa,Europe/Moscow,37.347301483154,45.002101898193,Moscow,Europe/Moscow,37.4146,55.972599,Boeing 737-300,4200,2017-02-22T10:05:00Z,2017-02-22T11:45:00Z,2017-02-22T10:11:00Z,2017-02-22T11:52:00Z,AAQ,SVO,733,100.0,130,110,84,1567600.00,5869600.00,101,1238200.00,9,329400.00
136172,PG0252,Anapa,Europe/Moscow,37.347301483154,45.002101898193,Moscow,Europe/Moscow,37.4146,55.972599,Boeing 737-300,4200,2017-01-15T10:05:00Z,2017-01-15T11:45:00Z,2017-01-15T10:05:00Z,2017-01-15T11:44:00Z,AAQ,SVO,733,100.0,130,110,84,1617600.00,6593200.00,99,1215000.00,11,402600.00
136178,PG0252,Anapa,Europe/Moscow,37.347301483154,45.002101898193,Moscow,Europe/Moscow,37.4146,55.972599,Boeing 737-300,4200,2017-01-29T10:05:00Z,2017-01-29T11:45:00Z,2017-01-29T10:10:00Z,2017-01-29T11:49:00Z,AAQ,SVO,733,100.0,130,99,76,1434600.00,4918600.00,90,1105200.00,9,329400.00
136181,PG0252,Anapa,Europe/Moscow,37.347301483154,45.002101898193,Moscow,Europe/Moscow,37.4146,55.972599,Boeing 737-300,4200,2017-01-31T10:05:00Z,2017-01-31T11:45:00Z,2017-01-31T10:05:00Z,2017-01-31T11:44:00Z,AAQ,SVO,733,100.0,130,118,90,1689600.00,6961000.00,108,1323600.00,10,366000.00
136185,PG0252,Anapa,Europe/Moscow,37.347301483154,45.002101898193,Moscow,Europe/Moscow,37.4146,55.972599,Boeing 737-300,4200,2017-01-14T10:05:00Z,2017-01-14T11:45:00Z,2017-01-14T10:06:00Z,2017-01-14T11:49:00Z,AAQ,SVO,733,100.0,130,104,80,1520000.00,5435700.00,94,1154000.00,10,366000.00
136202,PG0252,Anapa,Europe/Moscow,37.347301483154,45.002101898193,Moscow,Europe/Moscow,37.4146,55.972599,Boeing 737-300,4200,2017-01-05T10:05:00Z,2017-01-05T11:45:00Z,2017-01-05T10:07:00Z,2017-01-05T11:49:00Z,AAQ,SVO,733,100.0,130,100,76,1495600.00,5395800.00,89,1093000.00,11,402600.00
136204,PG0252,Anapa,Europe/Moscow,37.347301483154,45.002101898193,Moscow,Europe/Moscow,37.4146,55.972599,Boeing 737-300,4200,2017-02-23T10:05:00Z,2017-02-23T11:45:00Z,2017-02-23T10:06:00Z,2017-02-23T11:46:00Z,AAQ,SVO,733,100.0,130,107,82,1457800.00,6007800.00,101,1238200.00,6,219600.00
136209,PG0252,Anapa,Europe/Moscow,37.347301483154,45.002101898193,Moscow,Europe/Moscow,37.4146,55.972599,Boeing 737-300,4200,2017-01-06T10:05:00Z,2017-01-06T11:45:00Z,2017-01-06T10:09:00Z,2017-01-06T11:49:00Z,AAQ,SVO,733,100.0,130,112,86,1615200.00,7017800.00,102,1249200.00,10,366000.00
136215,PG0252,Anapa,Europe/Moscow,37.347301483154,45.002101898193,Moscow,Europe/Moscow,37.4146,55.972599,Boeing 737-300,4200,2017-02-28T10:05:00Z,2017-02-28T11:45:00Z,2017-02-28T10:09:00Z,2017-02-28T11:49:00Z,AAQ,SVO,733,100.0,130,114,87,1664000.00,6516200.00,103,1261400.00,11,402600.00
136226,PG0252,Anapa,Europe/Moscow,37.347301483154,45.002101898193,Moscow,Europe/Moscow,37.4146,55.972599,Boeing 737-300,4200,2017-01-30T10:05:00Z,2017-01-30T11:45:00Z,2017-01-30T10:08:00Z,2017-01-30T11:48:00Z,AAQ,SVO,733,100.0,130,130,100,1886000.00,7050200.00,118,1446800.00,12,439200.00
136249,PG0252,Anapa,Europe/Moscow,37.347301483154,45.002101898193,Moscow,Europe/Moscow,37.4146,55.972599,Boeing 737-300,4200,2017-02-14T10:05:00Z,2017-02-14T11:45:00Z,2017-02-14T10:08:00Z,2017-02-14T11:46:00Z,AAQ,SVO,733,100.0,130,123,94,1800600.00,6499100.00,111,1361400.00,12,439200.00
136250,PG0252,Anapa,Europe/Moscow,37.347301483154,45.002101898193,Moscow,Europe/Moscow,37.4146,55.972599,Boeing 737-300,4200,2017-02-08T10:05:00Z,2017-02-08T11:45:00Z,2017-02-08T10:06:00Z,2017-02-08T11:47:00Z,AAQ,SVO,733,100.0,130,99,76,1407800.00,4951300.00,91,1115000.00,8,292800.00
136264,PG0252,Anapa,Europe/Moscow,37.347301483154,45.002101898193,Moscow,Europe/Moscow,37.4146,55.972599,Boeing 737-300,4200,2017-02-18T10:05:00Z,2017-02-18T11:45:00Z,2017-02-18T10:07:00Z,2017-02-18T11:47:00Z,AAQ,SVO,733,100.0,130,116,89,1690800.00,7340200.00,105,1288200.00,11,402600.00
136266,PG0252,Anapa,Europe/Moscow,37.347301483154,45.002101898193,Moscow,Europe/Moscow,37.4146,55.972599,Boeing 737-300,4200,2017-02-27T10:05:00Z,2017-02-27T11:45:00Z,2017-02-27T10:08:00Z,2017-02-27T11:48:00Z,AAQ,SVO,733,100.0,130,108,83,1566400.00,6797800.00,98,1200400.00,10,366000.00
136268,PG0252,Anapa,Europe/Moscow,37.347301483154,45.002101898193,Moscow,Europe/Moscow,37.4146,55.972599,Boeing 737-300,4200,2017-02-16T10:05:00Z,2017-02-16T11:45:00Z,2017-02-16T10:08:00Z,2017-02-16T11:49:00Z,AAQ,SVO,733,100.0,130,115,88,1676200.00,6287300.00,104,1273600.00,11,402600.00
136269,PG0252,Anapa,Europe/Moscow,37.347301483154,45.002101898193,Moscow,Europe/Moscow,37.4146,55.972599,Boeing 737-300,4200,2017-02-11T10:05:00Z,2017-02-11T11:45:00Z,2017-02-11T10:13:00Z,2017-02-11T11:53:00Z,AAQ,SVO,733,100.0,130,109,83,1605400.00,6174000.00,98,1202800.00,11,402600.00
136270,PG0252,Anapa,Europe/Moscow,37.347301483154,45.002101898193,Moscow,Europe/Moscow,37.4146,55.972599,Boeing 737-300,4200,2017-02-12T10:05:00Z,2017-02-12T11:45:00Z,2017-02-12T10:12:00Z,2017-02-12T11:51:00Z,AAQ,SVO,733,100.0,130,111,85,1628600.00,6539400.00,100,1226000.00,11,402600.00
136275,PG0252,Anapa,Europe/Moscow,37.347301483154,45.002101898193,Moscow,Europe/Moscow,37.4146,55.972599,Boeing 737-300,4200,2017-01-13T10:05:00Z,2017-01-13T11:45:00Z,2017-01-13T10:08:00Z,2017-01-13T11:46:00Z,AAQ,SVO,733,100.0,130,125,96,1825000.00,6646600.00,113,1385800.00,12,439200.00
136282,PG0252,Anapa,Europe/Moscow,37.347301483154,45.002101898193,Moscow,Europe/Moscow,37.4146,55.972599,Boeing 737-300,4200,2017-01-16T10:05:00Z,2017-01-16T11:45:00Z,2017-01-16T10:07:00Z,2017-01-16T11:48:00Z,AAQ,SVO,733,100.0,130,106,81,1518800.00,6206400.00,97,1189400.00,9,329400.00
136284,PG0252,Anapa,Europe/Moscow,37.347301483154,45.002101898193,Moscow,Europe/Moscow,37.4146,55.972599,Boeing 737-300,4200,2017-02-07T10:05:00Z,2017-02-07T11:45:00Z,2017-02-07T10:07:00Z,2017-02-07T11:48:00Z,AAQ,SVO,733,100.0,130,117,90,1677400.00,6240100.00,107,1311400.00,10,366000.00
136293,PG0252,Anapa,Europe/Moscow,37.347301483154,45.002101898193,Moscow,Europe/Moscow,37.4146,55.972599,Boeing 737-300,4200,2017-01-23T10:05:00Z,2017-01-23T11:45:00Z,2017-01-23T10:09:00Z,2017-01-23T11:48:00Z,AAQ,SVO,733,100.0,130,114,87,1689600.00,7796700.00,102,1250400.00,12,439200.00
136310,PG0252,Anapa,Europe/Moscow,37.347301483154,45.002101898193,Moscow,Europe/Moscow,37.4146,55.972599,Boeing 737-300,4200,2017-01-22T10:05:00Z,2017-01-22T11:45:00Z,2017-01-22T10:07:00Z,2017-01-22T11:47:00Z,AAQ,SVO,733,100.0,130,117,90,1654200.00,6529800.00,108,1324800.00,9,329400.00
136316,PG0252,Anapa,Europe/Moscow,37.347301483154,45.002101898193,Moscow,Europe/Moscow,37.4146,55.972599,Boeing 737-300,4200,2017-01-12T10:05:00Z,2017-01-12T11:45:00Z,2017-01-12T10:07:00Z,2017-01-12T11:47:00Z,AAQ,SVO,733,100.0,130,130,100,1886000.00,7289300.00,118,1446800.00,12,439200.00
136320,PG0252,Anapa,Europe/Moscow,37.347301483154,45.002101898193,Moscow,Europe/Moscow,37.4146,55.972599,Boeing 737-300,4200,2017-02-19T10:05:00Z,2017-02-19T11:45:00Z,2017-02-19T10:05:00Z,2017-02-19T11:45:00Z,AAQ,SVO,733,100.0,130,106,81,1544400.00,5959000.00,96,1178400.00,10,366000.00
136322,PG0252,Anapa,Europe/Moscow,37.347301483154,45.002101898193,Moscow,Europe/Moscow,37.4146,55.972599,Boeing 737-300,4200,2017-02-06T10:05:00Z,2017-02-06T11:45:00Z,2017-02-06T10:11:00Z,2017-02-06T11:52:00Z,AAQ,SVO,733,100.0,130,108,83,1567600.00,5405300.00,98,1201600.00,10,366000.00
136345,PG0252,Anapa,Europe/Moscow,37.347301483154,45.002101898193,Moscow,Europe/Moscow,37.4146,55.972599,Boeing 737-300,4200,2017-01-24T10:05:00Z,2017-01-24T11:45:00Z,2017-01-24T13:32:00Z,2017-01-24T15:12:00Z,AAQ,SVO,733,100.0,130,108,83,1517600.00,5825900.00,100,1224800.00,8,292800.00
136348,PG0252,Anapa,Europe/Moscow,37.347301483154,45.002101898193,Moscow,Europe/Moscow,37.4146,55.972599,Boeing 737-300,4200,2017-02-10T10:05:00Z,2017-02-10T11:45:00Z,2017-02-10T10:05:00Z,2017-02-10T11:45:00Z,AAQ,SVO,733,100.0,130,120,92,1762800.00,7552600.00,108,1323600.00,12,439200.00
136351,PG0252,Anapa,Europe/Moscow,37.347301483154,45.002101898193,Moscow,Europe/Moscow,37.4146,55.972599,Boeing 737-300,4200,2017-02-26T10:05:00Z,2017-02-26T11:45:00Z,2017-02-26T10:13:00Z,2017-02-26T11:53:00Z,AAQ,SVO,733,100.0,130,105,80,1555400.00,5847400.00,94,1152800.00,11,402600.00
136360,PG0252,Anapa,Europe/Moscow,37.347301483154,45.002101898193,Moscow,Europe/Moscow,37.4146,55.972599,Boeing 737-300,4200,2017-02-05T10:05:00Z,2017-02-05T11:45:00Z,2017-02-05T10:08:00Z,2017-02-05T11:48:00Z,AAQ,SVO,733,100.0,130,97,74,1455400.00,5468500.00,86,1052800.00,11,402600.00
136366,PG0252,Anapa,Europe/Moscow,37.347301483154,45.002101898193,Moscow,Europe/Moscow,37.4146,55.972599,Boeing 737-300,4200,2017-01-11T10:05:00Z,2017-01-11T11:45:00Z,2017-01-11T10:08:00Z,2017-01-11T11:47:00Z,AAQ,SVO,733,100.0,130,103,79,1527400.00,6265600.00,92,1124800.00,11,402600.00
136383,PG0252,Anapa,Europe/Moscow,37.347301483154,45.002101898193,Moscow,Europe/Moscow,37.4146,55.972599,Boeing 737-300,4200,2017-01-25T10:05:00Z,2017-01-25T11:45:00Z,2017-01-25T10:09:00Z,2017-01-25T11:51:00Z,AAQ,SVO,733,100.0,130,106,81,1493200.00,5611500.00,98,1200400.00,8,292800.00
136387,PG0252,Anapa,Europe/Moscow,37.347301483154,45.002101898193,Moscow,Europe/Moscow,37.4146,55.972599,Boeing 737-300,4200,2017-01-19T10:05:00Z,2017-01-19T11:45:00Z,2017-01-19T10:08:00Z,2017-01-19T11:47:00Z,AAQ,SVO,733,100.0,130,121,93,1775000.00,7841400.00,109,1335800.00,12,439200.00
136389,PG0252,Anapa,Europe/Moscow,37.347301483154,45.002101898193,Moscow,Europe/Moscow,37.4146,55.972599,Boeing 737-300,4200,2017-01-18T10:05:00Z,2017-01-18T11:45:00Z,2017-01-18T10:10:00Z,2017-01-18T11:50:00Z,AAQ,SVO,733,100.0,130,129,99,1873800.00,7175800.00,117,1434600.00,12,439200.00
136403,PG0252,Anapa,Europe/Moscow,37.347301483154,45.002101898193,Moscow,Europe/Moscow,37.4146,55.972599,Boeing 737-300,4200,2017-02-20T10:05:00Z,2017-02-20T11:45:00Z,2017-02-20T10:06:00Z,2017-02-20T11:46:00Z,AAQ,SVO,733,100.0,130,129,99,1873800.00,7038800.00,117,1434600.00,12,439200.00
136411,PG0252,Anapa,Europe/Moscow,37.347301483154,45.002101898193,Moscow,Europe/Moscow,37.4146,55.972599,Boeing 737-300,4200,2017-02-04T10:05:00Z,2017-02-04T11:45:00Z,2017-02-04T10:06:00Z,2017-02-04T11:46:00Z,AAQ,SVO,733,100.0,130,110,84,1590800.00,5567300.00,100,1224800.00,10,366000.00
136420,PG0252,Anapa,Europe/Moscow,37.347301483154,45.002101898193,Moscow,Europe/Moscow,37.4146,55.972599,Boeing 737-300,4200,2017-01-01T10:05:00Z,2017-01-01T11:45:00Z,2017-01-01T10:09:00Z,2017-01-01T11:47:00Z,AAQ,SVO,733,100.0,130,104,80,1542000.00,6531100.00,93,1139400.00,11,402600.00
136423,PG0252,Anapa,Europe/Moscow,37.347301483154,45.002101898193,Moscow,Europe/Moscow,37.4146,55.972599,Boeing 737-300,4200,2017-01-10T10:05:00Z,2017-01-10T11:45:00Z,2017-01-10T10:12:00Z,2017-01-10T11:52:00Z,AAQ,SVO,733,100.0,130,129,99,1849400.00,8549400.00,118,1446800.00,11,402600.00
136428,PG0252,Anapa,Europe/Moscow,37.347301483154,45.002101898193,Moscow,Europe/Moscow,37.4146,55.972599,Boeing 737-300,4200,2017-01-21T10:05:00Z,2017-01-21T11:45:00Z,2017-01-21T10:08:00Z,2017-01-21T11:47:00Z,AAQ,SVO,733,100.0,130,115,88,1678600.00,7034800.00,104,1276000.00,11,402600.00
136436,PG0252,Anapa,Europe/Moscow,37.347301483154,45.002101898193,Moscow,Europe/Moscow,37.4146,55.972599,Boeing 737-300,4200,2017-01-26T10:05:00Z,2017-01-26T11:45:00Z,2017-01-26T10:08:00Z,2017-01-26T11:47:00Z,AAQ,SVO,733,100.0,130,124,95,1811600.00,6990900.00,112,1372400.00,12,439200.00
136439,PG0252,Anapa,Europe/Moscow,37.347301483154,45.002101898193,Moscow,Europe/Moscow,37.4146,55.972599,Boeing 737-300,4200,2017-02-25T10:05:00Z,2017-02-25T11:45:00Z,2017-02-25T10:08:00Z,2017-02-25T11:48:00Z,AAQ,SVO,733,100.0,130,117,90,1701800.00,7011200.00,106,1299200.00,11,402600.00
136441,PG0252,Anapa,Europe/Moscow,37.347301483154,45.002101898193,Moscow,Europe/Moscow,37.4146,55.972599,Boeing 737-300,4200,2017-02-03T10:05:00Z,2017-02-03T11:45:00Z,2017-02-03T10:07:00Z,2017-02-03T11:47:00Z,AAQ,SVO,733,100.0,130,128,98,1837200.00,7280900.00,117,1434600.00,11,402600.00
136452,PG0252,Anapa,Europe/Moscow,37.347301483154,45.002101898193,Moscow,Europe/Moscow,37.4146,55.972599,Boeing 737-300,4200,2017-02-17T10:05:00Z,2017-02-17T11:45:00Z,2017-02-17T10:08:00Z,2017-02-17T11:48:00Z,AAQ,SVO,733,100.0,130,109,83,1603000.00,7062300.00,98,1200400.00,11,402600.00
136458,PG0252,Anapa,Europe/Moscow,37.347301483154,45.002101898193,Moscow,Europe/Moscow,37.4146,55.972599,Boeing 737-300,4200,2017-01-02T10:05:00Z,2017-01-02T11:45:00Z,2017-01-02T10:07:00Z,2017-01-02T11:46:00Z,AAQ,SVO,733,100.0,130,110,84,1568800.00,5966700.00,101,1239400.00,9,329400.00
136463,PG0252,Anapa,Europe/Moscow,37.347301483154,45.002101898193,Moscow,Europe/Moscow,37.4146,55.972599,Boeing 737-300,4200,2017-01-20T10:05:00Z,2017-01-20T11:45:00Z,2017-01-20T10:06:00Z,2017-01-20T11:45:00Z,AAQ,SVO,733,100.0,130,122,93,1788400.00,7247500.00,110,1349200.00,12,439200.00
136464,PG0252,Anapa,Europe/Moscow,37.347301483154,45.002101898193,Moscow,Europe/Moscow,37.4146,55.972599,Boeing 737-300,4200,2017-01-09T10:05:00Z,2017-01-09T11:45:00Z,2017-01-09T10:07:00Z,2017-01-09T11:47:00Z,AAQ,SVO,733,100.0,130,100,76,1398000.00,4936200.00,93,1141800.00,7,256200.00
136471,PG0252,Anapa,Europe/Moscow,37.347301483154,45.002101898193,Moscow,Europe/Moscow,37.4146,55.972599,Boeing 737-300,4200,2017-01-17T10:05:00Z,2017-01-17T11:45:00Z,2017-01-17T10:11:00Z,2017-01-17T11:51:00Z,AAQ,SVO,733,100.0,130,120,92,1762800.00,8128500.00,108,1323600.00,12,439200.00
136479,PG0252,Anapa,Europe/Moscow,37.347301483154,45.002101898193,Moscow,Europe/Moscow,37.4146,55.972599,Boeing 737-300,4200,2017-02-21T10:05:00Z,2017-02-21T11:45:00Z,2017-02-21T10:08:00Z,2017-02-21T11:47:00Z,AAQ,SVO,733,100.0,130,122,93,1738400.00,7028600.00,112,1372400.00,10,366000.00
136485,PG0252,Anapa,Europe/Moscow,37.347301483154,45.002101898193,Moscow,Europe/Moscow,37.4146,55.972599,Boeing 737-300,4200,2017-01-27T10:05:00Z,2017-01-27T11:45:00Z,2017-01-27T10:07:00Z,2017-01-27T11:47:00Z,AAQ,SVO,733,100.0,130,106,81,1520000.00,5565200.00,97,1190600.00,9,329400.00
136486,PG0252,Anapa,Europe/Moscow,37.347301483154,45.002101898193,Moscow,Europe/Moscow,37.4146,55.972599,Boeing 737-300,4200,2017-02-02T10:05:00Z,2017-02-02T11:45:00Z,2017-02-02T10:07:00Z,2017-02-02T11:48:00Z,AAQ,SVO,733,100.0,130,107,82,1505400.00,5761300.00,99,1212600.00,8,292800.00
136511,PG0194,Anapa,Europe/Moscow,37.347301483154,45.002101898193,Novokuznetsk,Asia/Novokuznetsk,86.877197265625,53.8114013671875,Boeing 737-300,4200,2017-02-21T06:10:00Z,2017-02-21T11:15:00Z,2017-02-21T06:15:00Z,2017-02-21T11:25:00Z,AAQ,NOZ,733,305.0,130,0,0,,,,,,
136513,PG0194,Anapa,Europe/Moscow,37.347301483154,45.002101898193,Novokuznetsk,Asia/Novokuznetsk,86.877197265625,53.8114013671875,Boeing 737-300,4200,2017-02-28T06:10:00Z,2017-02-28T11:15:00Z,2017-02-28T06:13:00Z,2017-02-28T11:23:00Z,AAQ,NOZ,733,305.0,130,0,0,,,,,,
136514,PG0194,Anapa,Europe/Moscow,37.347301483154,45.002101898193,Novokuznetsk,Asia/Novokuznetsk,86.877197265625,53.8114013671875,Boeing 737-300,4200,2017-02-07T06:10:00Z,2017-02-07T11:15:00Z,2017-02-07T06:14:00Z,2017-02-07T11:13:00Z,AAQ,NOZ,733,305.0,130,0,0,,,,,,
136523,PG0194,Anapa,Europe/Moscow,37.347301483154,45.002101898193,Novokuznetsk,Asia/Novokuznetsk,86.877197265625,53.8114013671875,Boeing 737-300,4200,2017-01-10T06:10:00Z,2017-01-10T11:15:00Z,2017-01-10T06:14:00Z,2017-01-10T11:26:00Z,AAQ,NOZ,733,305.0,130,0,0,,,,,,
136540,PG0194,Anapa,Europe/Moscow,37.347301483154,45.002101898193,Novokuznetsk,Asia/Novokuznetsk,86.877197265625,53.8114013671875,Boeing 737-300,4200,2017-01-17T06:10:00Z,2017-01-17T11:15:00Z,2017-01-17T06:14:00Z,2017-01-17T11:21:00Z,AAQ,NOZ,733,305.0,130,0,0,,,,,,
136544,PG0194,Anapa,Europe/Moscow,37.347301483154,45.002101898193,Novokuznetsk,Asia/Novokuznetsk,86.877197265625,53.8114013671875,Boeing 737-300,4200,2017-01-31T06:10:00Z,2017-01-31T11:15:00Z,2017-01-31T06:10:00Z,2017-01-31T11:14:00Z,AAQ,NOZ,733,305.0,130,0,0,,,,,,
136546,PG0194,Anapa,Europe/Moscow,37.347301483154,45.002101898193,Novokuznetsk,Asia/Novokuznetsk,86.877197265625,53.8114013671875,Boeing 737-300,4200,2017-01-03T06:10:00Z,2017-01-03T11:15:00Z,2017-01-03T06:13:00Z,2017-01-03T11:15:00Z,AAQ,NOZ,733,305.0,130,0,0,,,,,,
136560,PG0194,Anapa,Europe/Moscow,37.347301483154,45.002101898193,Novokuznetsk,Asia/Novokuznetsk,86.877197265625,53.8114013671875,Boeing 737-300,4200,2017-01-24T06:10:00Z,2017-01-24T11:15:00Z,2017-01-24T06:13:00Z,2017-01-24T11:18:00Z,AAQ,NOZ,733,305.0,130,0,0,,,,,,
136567,PG0194,Anapa,Europe/Moscow,37.347301483154,45.002101898193,Novokuznetsk,Asia/Novokuznetsk,86.877197265625,53.8114013671875,Boeing 737-300,4200,2017-02-14T06:10:00Z,2017-02-14T11:15:00Z,2017-02-14T06:12:00Z,2017-02-14T11:23:00Z,AAQ,NOZ,733,305.0,130,0,0,,,,,,
136571,PG0480,Anapa,Europe/Moscow,37.347301483154,45.002101898193,Belgorod,Europe/Moscow,36.5900993347168,50.643798828125,Sukhoi Superjet-100,3000,2017-01-25T09:25:00Z,2017-01-25T10:15:00Z,2017-01-25T09:28:00Z,2017-01-25T10:18:00Z,AAQ,EGO,SU9,50.0,97,95,97,752700.00,4678000.00,83,525900.00,12,226800.00
136586,PG0480,Anapa,Europe/Moscow,37.347301483154,45.002101898193,Belgorod,Europe/Moscow,36.5900993347168,50.643798828125,Sukhoi Superjet-100,3000,2017-01-10T09:25:00Z,2017-01-10T10:15:00Z,2017-01-10T09:28:00Z,2017-01-10T10:18:00Z,AAQ,EGO,SU9,50.0,97,96,98,759000.00,5530500.00,84,532200.00,12,226800.00
136600,PG0480,Anapa,Europe/Moscow,37.347301483154,45.002101898193,Belgorod,Europe/Moscow,36.5900993347168,50.643798828125,Sukhoi Superjet-100,3000,2017-02-08T09:25:00Z,2017-02-08T10:15:00Z,2017-02-08T09:26:00Z,2017-02-08T10:16:00Z,AAQ,EGO,SU9,50.0,97,97,100,765300.00,4959900.00,85,538500.00,12,226800.00
136605,PG0480,Anapa,Europe/Moscow,37.347301483154,45.002101898193,Belgorod,Europe/Moscow,36.5900993347168,50.643798828125,Sukhoi Superjet-100,3000,2017-02-15T09:25:00Z,2017-02-15T10:15:00Z,2017-02-15T09:28:00Z,2017-02-15T10:19:00Z,AAQ,EGO,SU9,50.0,97,97,100,765300.00,5066800.00,85,538500.00,12,226800.00
136609,PG0480,Anapa,Europe/Moscow,37.347301483154,45.002101898193,Belgorod,Europe/Moscow,36.5900993347168,50.643798828125,Sukhoi Superjet-100,3000,2017-01-08T09:25:00Z,2017-01-08T10:15:00Z,2017-01-08T09:28:00Z,2017-01-08T10:18:00Z,AAQ,EGO,SU9,50.0,97,81,83,639300.00,3735000.00,71,450300.00,10,189000.00
136612,PG0480,Anapa,Europe/Moscow,37.347301483154,45.002101898193,Belgorod,Europe/Moscow,36.5900993347168,50.643798828125,Sukhoi Superjet-100,3000,2017-02-21T09:25:00Z,2017-02-21T10:15:00Z,2017-02-21T09:27:00Z,2017-02-21T10:17:00Z,AAQ,EGO,SU9,50.0,97,94,96,746400.00,4866600.00,82,519600.00,12,226800.00
136620,PG0480,Anapa,Europe/Moscow,37.347301483154,45.002101898193,Belgorod,Europe/Moscow,36.5900993347168,50.643798828125,Sukhoi Superjet-100,3000,2017-02-17T09:25:00Z,2017-02-17T10:15:00Z,2017-02-17T09:30:00Z,2017-02-17T10:19:00Z,AAQ,EGO,SU9,50.0,97,79,81,613500.00,3854500.00,70,443400.00,9,170100.00
136630,PG0480,Anapa,Europe/Moscow,37.347301483154,45.002101898193,Belgorod,Europe/Moscow,36.5900993347168,50.643798828125,Sukhoi Superjet-100,3000,2017-02-25T09:25:00Z,2017-02-25T10:15:00Z,2017-02-25T09:32:00Z,2017-02-25T10:22:00Z,AAQ,EGO,SU9,50.0,97,94,96,746400.00,4311900.00,82,519600.00,12,226800.00
136632,PG0480,Anapa,Europe/Moscow,37.347301483154,45.002101898193,Belgorod,Europe/Moscow,36.5900993347168,50.643798828125,Sukhoi Superjet-100,3000,2017-01-07T09:25:00Z,2017-01-07T10:15:00Z,2017-01-07T12:42:00Z,2017-01-07T13:33:00Z,AAQ,EGO,SU9,50.0,97,91,93,714300.00,4512300.00,80,506400.00,11,207900.00
136642,PG0480,Anapa,Europe/Moscow,37.347301483154,45.002101898193,Belgorod,Europe/Moscow,36.5900993347168,50.643798828125,Sukhoi Superjet-100,3000,2017-01-30T09:25:00Z,2017-01-30T10:15:00Z,2017-01-30T09:28:00Z,2017-01-30T10:17:00Z,AAQ,EGO,SU9,50.0,97,64,65,531000.00,2965000.00,54,342000.00,10,189000.00
136645,PG0480,Anapa,Europe/Moscow,37.347301483154,45.002101898193,Belgorod,Europe/Moscow,36.5900993347168,50.643798828125,Sukhoi Superjet-100,3000,2017-01-05T09:25:00Z,2017-01-05T10:15:00Z,2017-01-05T09:29:00Z,2017-01-05T10:20:00Z,AAQ,EGO,SU9,50.0,97,82,84,633000.00,4576300.00,73,462900.00,9,170100.00
136649,PG0480,Anapa,Europe/Moscow,37.347301483154,45.002101898193,Belgorod,Europe/Moscow,36.5900993347168,50.643798828125,Sukhoi Superjet-100,3000,2017-01-18T09:25:00Z,2017-01-18T10:15:00Z,2017-01-18T09:25:00Z,2017-01-18T10:15:00Z,AAQ,EGO,SU9,50.0,97,96,98,759000.00,4776500.00,84,532200.00,12,226800.00
136654,PG0480,Anapa,Europe/Moscow,37.347301483154,45.002101898193,Belgorod,Europe/Moscow,36.5900993347168,50.643798828125,Sukhoi Superjet-100,3000,2017-01-19T09:25:00Z,2017-01-19T10:15:00Z,2017-01-19T09:28:00Z,2017-01-19T10:17:00Z,AAQ,EGO,SU9,50.0,97,96,98,759000.00,4569700.00,84,532200.00,12,226800.00
136660,PG0480,Anapa,Europe/Moscow,37.347301483154,45.002101898193,Belgorod,Europe/Moscow,36.5900993347168,50.643798828125,Sukhoi Superjet-100,3000,2017-02-20T09:25:00Z,2017-02-20T10:15:00Z,2017-02-20T09:26:00Z,2017-02-20T10:15:00Z,AAQ,EGO,SU9,50.0,97,87,89,677100.00,4287800.00,77,488100.00,10,189000.00
136661,PG0480,Anapa,Europe/Moscow,37.347301483154,45.002101898193,Belgorod,Europe/Moscow,36.5900993347168,50.643798828125,Sukhoi Superjet-100,3000,2017-01-01T09:25:00Z,2017-01-01T10:15:00Z,2017-01-01T09:27:00Z,2017-01-01T10:17:00Z,AAQ,EGO,SU9,50.0,97,96,98,759000.00,4959600.00,84,532200.00,12,226800.00
136666,PG0480,Anapa,Europe/Moscow,37.347301483154,45.002101898193,Belgorod,Europe/Moscow,36.5900993347168,50.643798828125,Sukhoi Superjet-100,3000,2017-02-09T09:25:00Z,2017-02-09T10:15:00Z,2017-02-09T09:26:00Z,2017-02-09T10:16:00Z,AAQ,EGO,SU9,50.0,97,87,89,664500.00,4605100.00,78,494400.00,9,170100.00
136669,PG0480,Anapa,Europe/Moscow,37.347301483154,45.002101898193,Belgorod,Europe/Moscow,36.5900993347168,50.643798828125,Sukhoi Superjet-100,3000,2017-01-17T09:25:00Z,2017-01-17T10:15:00Z,2017-01-17T09:26:00Z,2017-01-17T10:17:00Z,AAQ,EGO,SU9,50.0,97,95,97,752700.00,4983100.00,83,525900.00,12,226800.00
136672,PG0480,Anapa,Europe/Moscow,37.347301483154,45.002101898193,Belgorod,Europe/Moscow,36.5900993347168,50.643798828125,Sukhoi Superjet-100,3000,2017-02-03T09:25:00Z,2017-02-03T10:15:00Z,2017-02-03T09:28:00Z,2017-02-03T10:18:00Z,AAQ,EGO,SU9,50.0,97,96,98,759000.00,5612800.00,84,532200.00,12,226800.00
136678,PG0480,Anapa,Europe/Moscow,37.347301483154,45.002101898193,Belgorod,Europe/Moscow,36.5900993347168,50.643798828125,Sukhoi Superjet-100,3000,2017-01-28T09:25:00Z,2017-01-28T10:15:00Z,2017-01-28T09:27:00Z,2017-01-28T10:17:00Z,AAQ,EGO,SU9,50.0,97,80,82,631200.00,3657300.00,70,442200.00,10,189000.00
136706,PG0480,Anapa,Europe/Moscow,37.347301483154,45.002101898193,Belgorod,Europe/Moscow,36.5900993347168,50.643798828125,Sukhoi Superjet-100,3000,2017-01-06T09:25:00Z,2017-01-06T10:15:00Z,2017-01-06T09:30:00Z,2017-01-06T10:20:00Z,AAQ,EGO,SU9,50.0,97,95,97,740100.00,4739800.00,84,532200.00,11,207900.00
136709,PG0480,Anapa,Europe/Moscow,37.347301483154,45.002101898193,Belgorod,Europe/Moscow,36.5900993347168,50.643798828125,Sukhoi Superjet-100,3000,2017-01-15T09:25:00Z,2017-01-15T10:15:00Z,2017-01-15T09:28:00Z,2017-01-15T10:18:00Z,AAQ,EGO,SU9,50.0,97,87,89,689700.00,4477700.00,76,481800.00,11,207900.00
136720,PG0480,Anapa,Europe/Moscow,37.347301483154,45.002101898193,Belgorod,Europe/Moscow,36.5900993347168,50.643798828125,Sukhoi Superjet-100,3000,2017-01-26T09:25:00Z,2017-01-26T10:15:00Z,2017-01-26T09:29:00Z,2017-01-26T10:19:00Z,AAQ,EGO,SU9,50.0,97,95,97,752700.00,4987900.00,83,525900.00,12,226800.00
136729,PG0480,Anapa,Europe/Moscow,37.347301483154,45.002101898193,Belgorod,Europe/Moscow,36.5900993347168,50.643798828125,Sukhoi Superjet-100,3000,2017-01-29T09:25:00Z,2017-01-29T10:15:00Z,2017-01-29T09:29:00Z,2017-01-29T10:19:00Z,AAQ,EGO,SU9,50.0,97,88,90,695400.00,4419600.00,77,487500.00,11,207900.00
136733,PG0480,Anapa,Europe/Moscow,37.347301483154,45.002101898193,Belgorod,Europe/Moscow,36.5900993347168,50.643798828125,Sukhoi Superjet-100,3000,2017-01-09T09:25:00Z,2017-01-09T10:15:00Z,2017-01-09T09:27:00Z,2017-01-09T10:18:00Z,AAQ,EGO,SU9,50.0,97,94,96,746400.00,4924800.00,82,519600.00,12,226800.00
136754,PG0480,Anapa,Europe/Moscow,37.347301483154,45.002101898193,Belgorod,Europe/Moscow,36.5900993347168,50.643798828125,Sukhoi Superjet-100,3000,2017-02-06T09:25:00Z,2017-02-06T10:15:00Z,2017-02-06T09:29:00Z,2017-02-06T10:18:00Z,AAQ,EGO,SU9,50.0,97,90,92,721200.00,4693200.00,78,494400.00,12,226800.00
136755,PG0480,Anapa,Europe/Moscow,37.347301483154,45.002101898193,Belgorod,Europe/Moscow,36.5900993347168,50.643798828125,Sukhoi Superjet-100,3000,2017-01-21T09:25:00Z,2017-01-21T10:15:00Z,2017-01-21T09:30:00Z,2017-01-21T10:20:00Z,AAQ,EGO,SU9,50.0,97,97,100,765300.00,4803700.00,85,538500.00,12,226800.00
136757,PG0480,Anapa,Europe/Moscow,37.347301483154,45.002101898193,Belgorod,Europe/Moscow,36.5900993347168,50.643798828125,Sukhoi Superjet-100,3000,2017-01-27T09:25:00Z,2017-01-27T10:15:00Z,2017-01-27T09:30:00Z,2017-01-27T10:19:00Z,AAQ,EGO,SU9,50.0,97,97,100,765300.00,5027900.00,85,538500.00,12,226800.00
136758,PG0480,Anapa,Europe/Moscow,37.347301483154,45.002101898193,Belgorod,Europe/Moscow,36.5900993347168,50.643798828125,Sukhoi Superjet-100,3000,2017-01-12T09:25:00Z,2017-01-12T10:15:00Z,2017-01-12T09:26:00Z,2017-01-12T10:15:00Z,AAQ,EGO,SU9,50.0,97,97,100,765300.00,4638600.00,85,538500.00,12,226800.00
136767,PG0480,Anapa,Europe/Moscow,37.347301483154,45.002101898193,Belgorod,Europe/Moscow,36.5900993347168,50.643798828125,Sukhoi Superjet-100,3000,2017-01-23T09:25:00Z,2017-01-23T10:15:00Z,2017-01-23T09:27:00Z,2017-01-23T10:18:00Z,AAQ,EGO,SU9,50.0,97,83,85,651300.00,3976600.00,73,462300.00,10,189000.00
136769,PG0480,Anapa,Europe/Moscow,37.347301483154,45.002101898193,Belgorod,Europe/Moscow,36.5900993347168,50.643798828125,Sukhoi Superjet-100,3000,2017-02-10T09:25:00Z,2017-02-10T10:15:00Z,2017-02-10T09:30:00Z,2017-02-10T10:21:00Z,AAQ,EGO,SU9,50.0,97,88,90,696000.00,4599300.00,77,488100.00,11,207900.00
136778,PG0480,Anapa,Europe/Moscow,37.347301483154,45.002101898193,Belgorod,Europe/Moscow,36.5900993347168,50.643798828125,Sukhoi Superjet-100,3000,2017-02-22T09:25:00Z,2017-02-22T10:15:00Z,2017-02-22T09:26:00Z,2017-02-22T10:16:00Z,AAQ,EGO,SU9,50.0,97,96,98,759000.00,4687300.00,84,532200.00,12,226800.00
136780,PG0480,Anapa,Europe/Moscow,37.347301483154,45.002101898193,Belgorod,Europe/Moscow,36.5900993347168,50.643798828125,Sukhoi Superjet-100,3000,2017-02-24T09:25:00Z,2017-02-24T10:15:00Z,2017-02-24T09:30:00Z,2017-02-24T10:20:00Z,AAQ,EGO,SU9,50.0,97,89,91,714900.00,4714200.00,77,488100.00,12,226800.00
136781,PG0480,Anapa,Europe/Moscow,37.347301483154,45.002101898193,Belgorod,Europe/Moscow,36.5900993347168,50.643798828125,Sukhoi Superjet-100,3000,2017-01-14T09:25:00Z,2017-01-14T10:15:00Z,2017-01-14T09:26:00Z,2017-01-14T10:16:00Z,AAQ,EGO,SU9,50.0,97,97,100,765300.00,5077900.00,85,538500.00,12,226800.00
136802,PG0480,Anapa,Europe/Moscow,37.347301483154,45.002101898193,Belgorod,Europe/Moscow,36.5900993347168,50.643798828125,Sukhoi Superjet-100,3000,2017-02-26T09:25:00Z,2017-02-26T10:15:00Z,2017-02-26T09:32:00Z,2017-02-26T10:22:00Z,AAQ,EGO,SU9,50.0,97,96,98,746400.00,4466900.00,85,538500.00,11,207900.00
136807,PG0480,Anapa,Europe/Moscow,37.347301483154,45.002101898193,Belgorod,Europe/Moscow,36.5900993347168,50.643798828125,Sukhoi Superjet-100,3000,2017-02-23T09:25:00Z,2017-02-23T10:15:00Z,2017-02-23T09:28:00Z,2017-02-23T10:18:00Z,AAQ,EGO,SU9,50.0,97,68,70,531000.00,3313200.00,60,379800.00,8,151200.00
136815,PG0480,Anapa,Europe/Moscow,37.347301483154,45.002101898193,Belgorod,Europe/Moscow,36.5900993347168,50.643798828125,Sukhoi Superjet-100,3000,2017-02-19T09:25:00Z,2017-02-19T10:15:00Z,2017-02-19T09:26:00Z,2017-02-19T10:17:00Z,AAQ,EGO,SU9,50.0,97,97,100,765300.00,4983500.00,85,538500.00,12,226800.00
136819,PG0480,Anapa,Europe/Moscow,37.347301483154,45.002101898193,Belgorod,Europe/Moscow,36.5900993347168,50.643798828125,Sukhoi Superjet-100,3000,2017-01-04T09:25:00Z,2017-01-04T10:15:00Z,2017-01-04T09:29:00Z,2017-01-04T10:19:00Z,AAQ,EGO,SU9,50.0,97,96,98,759000.00,5073200.00,84,532200.00,12,226800.00
136823,PG0480,Anapa,Europe/Moscow,37.347301483154,45.002101898193,Belgorod,Europe/Moscow,36.5900993347168,50.643798828125,Sukhoi Superjet-100,3000,2017-02-05T09:25:00Z,2017-02-05T10:15:00Z,2017-02-05T09:27:00Z,2017-02-05T10:18:00Z,AAQ,EGO,SU9,50.0,97,78,80,620400.00,4207200.00,68,431400.00,10,189000.00
136827,PG0480,Anapa,Europe/Moscow,37.347301483154,45.002101898193,Belgorod,Europe/Moscow,36.5900993347168,50.643798828125,Sukhoi Superjet-100,3000,2017-02-18T09:25:00Z,2017-02-18T10:15:00Z,2017-02-18T09:26:00Z,2017-02-18T10:17:00Z,AAQ,EGO,SU9,50.0,97,97,100,765300.00,4760200.00,85,538500.00,12,226800.00
136838,PG0480,Anapa,Europe/Moscow,37.347301483154,45.002101898193,Belgorod,Europe/Moscow,36.5900993347168,50.643798828125,Sukhoi Superjet-100,3000,2017-01-24T09:25:00Z,2017-01-24T10:15:00Z,2017-01-24T09:30:00Z,2017-01-24T10:21:00Z,AAQ,EGO,SU9,50.0,97,86,88,670200.00,3747800.00,76,481200.00,10,189000.00
136841,PG0480,Anapa,Europe/Moscow,37.347301483154,45.002101898193,Belgorod,Europe/Moscow,36.5900993347168,50.643798828125,Sukhoi Superjet-100,3000,2017-02-07T09:25:00Z,2017-02-07T10:15:00Z,2017-02-07T09:25:00Z,2017-02-07T10:16:00Z,AAQ,EGO,SU9,50.0,97,97,100,765300.00,4897500.00,85,538500.00,12,226800.00
136844,PG0480,Anapa,Europe/Moscow,37.347301483154,45.002101898193,Belgorod,Europe/Moscow,36.5900993347168,50.643798828125,Sukhoi Superjet-100,3000,2017-02-28T09:25:00Z,2017-02-28T10:15:00Z,2017-02-28T09:26:00Z,2017-02-28T10:16:00Z,AAQ,EGO,SU9,50.0,97,79,81,575100.00,3720700.00,73,461700.00,6,113400.00
136855,PG0480,Anapa,Europe/Moscow,37.347301483154,45.002101898193,Belgorod,Europe/Moscow,36.5900993347168,50.643798828125,Sukhoi Superjet-100,3000,2017-01-11T09:25:00Z,2017-01-11T10:15:00Z,2017-01-11T12:07:00Z,2017-01-11T12:57:00Z,AAQ,EGO,SU9,50.0,97,87,89,702300.00,4491100.00,75,475500.00,12,226800.00
136857,PG0480,Anapa,Europe/Moscow,37.347301483154,45.002101898193,Belgorod,Europe/Moscow,36.5900993347168,50.643798828125,Sukhoi Superjet-100,3000,2017-02-13T09:25:00Z,2017-02-13T10:15:00Z,2017-02-13T09:31:00Z,2017-02-13T10:21:00Z,AAQ,EGO,SU9,50.0,97,97,100,765300.00,5385600.00,85,538500.00,12,226800.00
136861,PG0480,Anapa,Europe/Moscow,37.347301483154,45.002101898193,Belgorod,Europe/Moscow,36.5900993347168,50.643798828125,Sukhoi Superjet-100,3000,2017-02-12T09:25:00Z,2017-02-12T10:15:00Z,2017-02-12T09:28:00Z,2017-02-12T10:17:00Z,AAQ,EGO,SU9,50.0,97,87,89,689100.00,4172100.00,76,481200.00,11,207900.00
136869,PG0480,Anapa,Europe/Moscow,37.347301483154,45.002101898193,Belgorod,Europe/Moscow,36.5900993347168,50.643798828125,Sukhoi Superjet-100,3000,2017-01-31T09:25:00Z,2017-01-31T10:15:00Z,2017-01-31T09:26:00Z,2017-01-31T10:16:00Z,AAQ,EGO,SU9,50.0,97,97,100,765300.00,5008400.00,85,538500.00,12,226800.00
136871,PG0480,Anapa,Europe/Moscow,37.347301483154,45.002101898193,Belgorod,Europe/Moscow,36.5900993347168,50.643798828125,Sukhoi Superjet-100,3000,2017-01-13T09:25:00Z,2017-01-13T10:15:00Z,2017-01-13T09:28:00Z,2017-01-13T10:18:00Z,AAQ,EGO,SU9,50.0,97,97,100,765300.00,5040600.00,85,538500.00,12,226800.00
136875,PG0480,Anapa,Europe/Moscow,37.347301483154,45.002101898193,Belgorod,Europe/Moscow,36.5900993347168,50.643798828125,Sukhoi Superjet-100,3000,2017-02-16T09:25:00Z,2017-02-16T10:15:00Z,2017-02-16T09:29:00Z,2017-02-16T10:19:00Z,AAQ,EGO,SU9,50.0,97,97,100,765300.00,4880400.00,85,538500.00,12,226800.00
136887,PG0480,Anapa,Europe/Moscow,37.347301483154,45.002101898193,Belgorod,Europe/Moscow,36.5900993347168,50.643798828125,Sukhoi Superjet-100,3000,2017-01-20T09:25:00Z,2017-01-20T10:15:00Z,2017-01-20T09:30:00Z,2017-01-20T10:19:00Z,AAQ,EGO,SU9,50.0,97,78,80,595200.00,3546600.00,70,444000.00,8,151200.00
136888,PG0480,Anapa,Europe/Moscow,37.347301483154,45.002101898193,Belgorod,Europe/Moscow,36.5900993347168,50.643798828125,Sukhoi Superjet-100,3000,2017-02-14T09:25:00Z,2017-02-14T10:15:00Z,2017-02-14T09:29:00Z,2017-02-14T10:19:00Z,AAQ,EGO,SU9,50.0,97,79,81,626100.00,3946300.00,69,437100.00,10,189000.00
136900,PG0480,Anapa,Europe/Moscow,37.347301483154,45.002101898193,Belgorod,Europe/Moscow,36.5900993347168,50.643798828125,Sukhoi Superjet-100,3000,2017-02-01T09:25:00Z,2017-02-01T10:15:00Z,2017-02-01T09:30:00Z,2017-02-01T10:21:00Z,AAQ,EGO,SU9,50.0,97,97,100,765300.00,5120600.00,85,538500.00,12,226800.00
136907,PG0480,Anapa,Europe/Moscow,37.347301483154,45.002101898193,Belgorod,Europe/Moscow,36.5900993347168,50.643798828125,Sukhoi Superjet-100,3000,2017-01-16T09:25:00Z,2017-01-16T10:15:00Z,2017-01-16T09:31:00Z,2017-01-16T10:22:00Z,AAQ,EGO,SU9,50.0,97,96,98,759000.00,5080700.00,84,532200.00,12,226800.00
136922,PG0480,Anapa,Europe/Moscow,37.347301483154,45.002101898193,Belgorod,Europe/Moscow,36.5900993347168,50.643798828125,Sukhoi Superjet-100,3000,2017-02-11T09:25:00Z,2017-02-11T10:15:00Z,2017-02-11T09:27:00Z,2017-02-11T10:17:00Z,AAQ,EGO,SU9,50.0,97,76,78,607800.00,3589600.00,66,418800.00,10,189000.00
136927,PG0480,Anapa,Europe/Moscow,37.347301483154,45.002101898193,Belgorod,Europe/Moscow,36.5900993347168,50.643798828125,Sukhoi Superjet-100,3000,2017-01-22T09:25:00Z,2017-01-22T10:15:00Z,2017-01-22T09:28:00Z,2017-01-22T10:19:00Z,AAQ,EGO,SU9,50.0,97,97,100,765300.00,5289500.00,85,538500.00,12,226800.00
136936,PG0480,Anapa,Europe/Moscow,37.347301483154,45.002101898193,Belgorod,Europe/Moscow,36.5900993347168,50.643798828125,Sukhoi Superjet-100,3000,2017-01-02T09:25:00Z,2017-01-02T10:15:00Z,2017-01-02T09:28:00Z,2017-01-02T10:18:00Z,AAQ,EGO,SU9,50.0,97,82,84,632400.00,3468500.00,73,462300.00,9,170100.00
136937,PG0480,Anapa,Europe/Moscow,37.347301483154,45.002101898193,Belgorod,Europe/Moscow,36.5900993347168,50.643798828125,Sukhoi Superjet-100,3000,2017-01-03T09:25:00Z,2017-01-03T10:15:00Z,2017-01-03T09:29:00Z,2017-01-03T10:19:00Z,AAQ,EGO,SU9,50.0,97,81,83,626100.00,3572300.00,72,456000.00,9,170100.00
136951,PG0480,Anapa,Europe/Moscow,37.347301483154,45.002101898193,Belgorod,Europe/Moscow,36.5900993347168,50.643798828125,Sukhoi Superjet-100,3000,2017-02-02T09:25:00Z,2017-02-02T10:15:00Z,2017-02-02T09:28:00Z,2017-02-02T10:17:00Z,AAQ,EGO,SU9,50.0,97,90,92,720600.00,4527100.00,78,493800.00,12,226800.00
136953,PG0480,Anapa,Europe/Moscow,37.347301483154,45.002101898193,Belgorod,Europe/Moscow,36.5900993347168,50.643798828125,Sukhoi Superjet-100,3000,2017-02-27T09:25:00Z,2017-02-27T10:15:00Z,2017-02-27T09:27:00Z,2017-02-27T10:17:00Z,AAQ,EGO,SU9,50.0,97,97,100,765300.00,4719200.00,85,538500.00,12,226800.00
136956,PG0480,Anapa,Europe/Moscow,37.347301483154,45.002101898193,Belgorod,Europe/Moscow,36.5900993347168,50.643798828125,Sukhoi Superjet-100,3000,2017-02-04T09:25:00Z,2017-02-04T10:15:00Z,2017-02-04T09:33:00Z,2017-02-04T10:23:00Z,AAQ,EGO,SU9,50.0,97,96,98,746400.00,4387500.00,85,538500.00,11,207900.00
